{"version":0.1,"globalEnvironmentVariables":[],"tasks":[{"task":"task1","dependsOn":[],"location":{"x":103.17117098031952,"y":108.93165273846941}},{"task":"task2","dependsOn":[],"location":{"x":168.52091505295869,"y":308.13190011725453}}]}