{"version":0.1,"globalEnvironmentVariables":[],"tasks":[{"task":"task1","dependsOn":[],"location":{"x":103.17117098031952,"y":108.93165273846941}}]}